{"initial_reset_timestamp": 1640964404.396118, "timestamps": [1640964408.035676], "episode_lengths": [1530], "episode_rewards": [16800.0], "episode_types": ["t"]}